<Ticker>,<DTYYYYMMDD>,<OpenFixed>,<HighFixed>,<LowFixed>,<CloseFixed>,<Volume>
HVN,20170103,32.5815,32.5815,32.5815,32.5815,700
HVN,20170104,37.4022,37.4022,37.4022,37.4022,8868
HVN,20170105,42.9710,42.9710,38.2334,40.9762,764180
HVN,20170106,43.3866,43.3866,36.5711,36.5711,250926
HVN,20170109,38.3997,38.3997,34.0776,34.7425,159553
HVN,20170110,34.7425,36.6542,32.6646,35.7399,129615
HVN,20170111,35.1581,36.5711,34.9087,36.1555,91056
HVN,20170112,35.9062,36.1555,35.3243,35.3243,113008
HVN,20170113,35.2412,35.4074,34.9087,35.0750,168714
HVN,20170116,34.9088,34.9088,33.3296,34.0776,111337
HVN,20170117,33.6620,33.8283,32.8309,33.1633,163282
HVN,20170118,32.8308,33.1633,31.5841,32.4153,115276
HVN,20170119,32.2491,32.8309,31.8335,32.4153,67936
HVN,20170120,31.9997,32.2491,31.4179,31.6672,172546
HVN,20170123,31.5841,31.7503,31.4179,31.6672,95764
HVN,20170124,31.5841,31.9997,31.5841,31.8335,92226
HVN,20170125,31.6673,32.1660,31.5842,31.9997,144059
HVN,20170202,32.4153,32.4984,31.6672,32.3322,35528
HVN,20170203,32.6647,32.9140,32.0829,32.1659,191300
HVN,20170206,32.4152,32.4152,31.8334,32.0828,86780
HVN,20170207,31.9997,31.9997,31.5841,31.7503,131437
HVN,20170208,31.5841,32.5815,31.5841,32.2490,95870
HVN,20170209,32.3321,32.3321,31.9997,32.1659,76107
HVN,20170210,32.1659,35.7399,32.1659,35.6568,440047
HVN,20170213,35.7399,37.2360,35.3243,36.6542,281767
HVN,20170214,36.7373,36.9867,35.1581,35.1581,239390
HVN,20170215,34.9919,35.4906,34.3269,34.4932,364184
HVN,20170216,34.5763,34.5763,32.7478,32.9971,583476
HVN,20170217,32.6646,32.9971,32.3322,32.8309,765046
HVN,20170220,33.3296,35.2413,32.8309,34.8256,2727835
HVN,20170221,35.7399,35.7399,33.7451,33.9945,419088
HVN,20170222,34.1607,34.1607,32.9971,33.4958,484550
HVN,20170223,33.1633,33.1633,28.5088,29.8387,5427447
HVN,20170224,30.5867,30.5867,26.0154,27.4283,6416518
HVN,20170227,27.4283,31.2516,27.4283,31.2516,6787409
HVN,20170228,33.2464,33.2464,27.4283,29.0906,4390004
HVN,20170301,29.0906,29.6724,28.3426,28.9244,2181891
HVN,20170302,29.0906,29.5893,28.4257,28.8413,1199643
HVN,20170303,29.0075,29.7556,27.6777,28.2595,1844220
HVN,20170306,28.2595,28.3426,26.8465,26.9296,2226822
HVN,20170307,26.8465,28.6750,25.3504,26.9296,1606464
HVN,20170308,26.8465,28.2595,26.5971,27.8439,850130
HVN,20170309,27.8439,28.1764,27.0959,27.2621,697404
HVN,20170310,27.0959,27.4283,26.5141,26.7634,1113605
HVN,20170313,26.7634,26.7634,25.9322,26.0153,1126914
HVN,20170314,26.0984,26.1815,25.2673,25.4335,1815647
HVN,20170315,25.5166,25.5997,24.2699,24.6855,1514931
HVN,20170316,24.1037,25.6829,24.1037,25.5998,837681
HVN,20170317,25.5167,26.3478,25.3505,25.6829,888349
HVN,20170320,25.9322,25.9322,25.1011,25.6829,722569
HVN,20170321,25.4336,26.0154,25.3504,25.6829,707840
HVN,20170322,25.6829,26.0154,25.4336,25.5166,801100
HVN,20170323,25.5997,25.9322,24.9348,25.2673,723036
HVN,20170324,25.2673,25.5998,25.1011,25.3504,515510
HVN,20170327,25.2673,25.3504,24.8517,25.0179,714416
HVN,20170328,25.0179,25.0179,24.4361,24.6855,670572
HVN,20170329,24.7686,24.8517,24.0206,24.1037,981159
HVN,20170330,24.2699,24.2699,23.1894,23.5219,1083200
HVN,20170331,23.5219,24.0206,22.7739,23.4387,743160
HVN,20170403,23.3556,24.8517,23.3556,24.1037,787730
HVN,20170404,24.1868,24.1868,23.4387,23.4387,462781
HVN,20170405,23.4387,23.5218,23.2725,23.3556,384033
HVN,20170407,23.6881,23.6881,22.6076,22.6907,617184
HVN,20170410,23.1894,23.1894,21.6102,21.6933,1163704
HVN,20170411,21.6933,21.6933,21.1115,21.1946,643281
HVN,20170412,21.1115,21.3608,20.5297,20.6128,707577
HVN,20170413,20.6128,21.6102,20.1141,20.8621,704977
HVN,20170414,20.8621,21.1946,20.7790,21.0284,265111
HVN,20170417,21.1946,22.7738,21.1946,22.0258,856975
HVN,20170418,22.1089,22.7738,21.7765,22.6076,807280
HVN,20170419,22.6076,23.2725,22.6076,23.1063,688810
HVN,20170420,23.1063,23.1894,22.4414,22.6076,354266
HVN,20170421,22.6076,22.6076,21.7764,21.8595,514320
HVN,20170424,22.1088,22.1088,21.1115,21.1115,694551
HVN,20170425,21.1946,21.6933,21.0284,21.2777,297319
HVN,20170426,21.3608,21.8595,21.3608,21.6933,311740
HVN,20170427,21.7764,21.8595,21.3608,21.5271,251207
HVN,20170428,21.6102,21.6933,21.2778,21.4439,287002
HVN,20170503,21.6101,21.7764,21.4439,21.5271,331400
HVN,20170504,21.5271,21.6933,21.3609,21.6102,395410
HVN,20170505,21.6933,21.6933,21.3608,21.3608,249106
HVN,20170508,21.6101,22.3582,21.6101,22.1089,799336
HVN,20170509,22.2751,22.2751,21.8596,21.9426,430956
HVN,20170510,21.9426,22.4413,21.6933,22.3582,794571
HVN,20170511,22.2751,23.6881,22.1089,23.3556,1031512
HVN,20170512,23.4387,24.6023,23.4387,24.1037,1075746
HVN,20170515,24.2699,24.2699,23.5219,23.6881,734980
HVN,20170516,23.6050,23.6881,23.1063,23.4387,1031675
HVN,20170517,23.2725,23.7712,23.1894,23.2725,401570
HVN,20170518,23.2725,23.6050,23.0232,23.2725,562076
HVN,20170519,23.2725,23.3556,22.8569,22.9400,377214
HVN,20170522,23.0231,23.1893,22.9400,23.0232,355166
HVN,20170523,23.0232,23.1894,22.1920,22.3582,600933
HVN,20170524,22.4413,22.4413,21.7764,22.0258,501970
HVN,20170525,22.0258,22.5245,22.0258,22.3582,198959
HVN,20170526,22.3582,22.4413,21.9426,22.1920,211820
HVN,20170529,22.0258,22.2751,22.0258,22.1920,241491
HVN,20170530,21.9427,22.1920,21.8595,21.9426,337461
HVN,20170531,22.0257,22.0257,21.8595,21.8595,263491
HVN,20170601,21.9426,22.4413,21.9426,22.1920,326857
HVN,20170602,22.1920,22.2751,22.0258,22.1089,136437
HVN,20170605,21.9427,22.2751,21.9427,22.1920,263050
HVN,20170606,22.1920,22.2751,22.0258,22.0258,257036
HVN,20170607,22.1089,22.1920,22.0258,22.1089,238549
HVN,20170608,22.2751,23.2725,22.1920,23.2725,875732
HVN,20170609,22.9400,23.6050,22.7738,22.8569,372451
HVN,20170612,22.6907,22.8569,21.9426,22.3582,473895
HVN,20170613,22.3582,22.6907,22.1920,22.2751,365658
HVN,20170614,22.3582,22.6076,22.1920,22.2751,230554
HVN,20170615,22.1920,22.4413,22.0258,22.1920,246495
HVN,20170616,22.1920,22.7738,22.1089,22.6076,241990
HVN,20170619,22.6907,22.6907,22.2751,22.3582,184599
HVN,20170620,22.1920,22.6075,22.1920,22.3582,422340
HVN,20170621,22.4413,22.4413,22.1089,22.1089,319507
HVN,20170622,22.1920,22.4414,22.1920,22.3582,307832
HVN,20170623,22.3582,22.4413,22.1920,22.1920,239681
HVN,20170626,22.2751,22.3582,22.0258,22.1920,294021
HVN,20170627,22.1920,22.2751,22.0258,22.1089,268444
HVN,20170628,22.1089,22.1920,21.9427,22.1920,380320
HVN,20170629,22.1089,22.1920,22.0258,22.1089,107000
HVN,20170630,22.1089,22.1089,22.0258,22.1089,355273
HVN,20170703,22.1089,22.1920,22.0258,22.1089,229820
HVN,20170704,20.7790,22.7738,20.7790,22.4413,577823
HVN,20170705,22.4413,22.4413,22.1920,22.1920,145483
HVN,20170706,22.1920,22.2751,22.0258,22.1089,246225
HVN,20170707,22.1089,22.1089,21.6102,22.0258,622576
HVN,20170710,21.9427,22.0258,21.7765,21.9426,389680
HVN,20170711,21.9426,22.0258,21.8595,22.0258,432320
HVN,20170712,22.1089,22.1089,22.0258,22.0258,296501
HVN,20170713,22.0258,22.1920,22.0258,22.0258,172620
HVN,20170714,22.0258,22.1089,22.0258,22.0258,236179
HVN,20170717,22.1089,22.1089,21.8596,22.0258,319680
HVN,20170718,22.0258,22.0258,21.7765,21.9426,277634
HVN,20170719,21.9426,21.9426,21.7764,21.8595,254920
HVN,20170720,21.8595,21.9426,21.6933,21.6933,149203
HVN,20170721,21.6933,21.7764,21.5271,21.6933,270100
HVN,20170724,21.8595,22.0258,21.5271,21.8595,173887
HVN,20170725,21.6102,22.1088,21.6102,21.8595,164348
HVN,20170726,21.6933,22.0257,21.6933,21.9426,232624
HVN,20170727,21.9426,22.0257,21.8595,21.9426,146910
HVN,20170728,21.8595,21.9426,21.6933,21.7764,100290
HVN,20170731,21.9426,21.9426,21.6933,21.6933,90730
HVN,20170801,21.7764,21.9426,21.6102,21.7764,79352
HVN,20170802,21.6933,21.6933,21.5271,21.6102,170240
HVN,20170803,21.6102,21.6102,21.1115,21.1946,577120
HVN,20170804,21.1946,21.4439,21.1115,21.2777,77340
HVN,20170807,21.2777,21.5271,21.1946,21.5271,149962
HVN,20170808,21.4440,21.5271,21.1115,21.2777,158350
HVN,20170809,21.2777,21.2777,20.8621,21.0284,187750
HVN,20170810,21.1115,21.1115,20.7791,20.9453,171695
HVN,20170811,20.9453,20.9453,20.7791,20.8621,87100
HVN,20170814,20.9452,20.9452,20.7790,20.8621,82690
HVN,20170815,20.8621,20.9452,20.7790,20.7790,64852
HVN,20170816,20.8621,20.8621,20.6959,20.7790,86691
HVN,20170817,20.7790,20.7790,20.5297,20.6128,96266
HVN,20170818,20.6128,20.6959,20.4466,20.6128,131630
HVN,20170821,20.6128,20.7790,20.6128,20.6959,80109
HVN,20170822,20.7790,20.8621,20.6959,20.6959,75372
HVN,20170823,20.7790,20.7790,20.6128,20.6959,68770
HVN,20170824,20.6128,20.6959,20.6128,20.6959,58650
HVN,20170825,20.6128,20.6128,20.4466,20.6128,115120
HVN,20170828,20.5297,20.6128,20.3635,20.4466,164730
HVN,20170829,20.4466,20.4466,20.3635,20.4466,85700
HVN,20170830,20.5297,21.0284,20.4466,20.8621,222041
HVN,20170831,21.1176,21.5433,20.8621,21.1178,142980
HVN,20170901,21.2030,21.2030,20.8623,21.0326,39400
HVN,20170905,20.9474,21.0326,20.7771,20.9475,52900
HVN,20170906,21.0327,21.0327,20.7772,20.9475,162890
HVN,20170907,20.8623,21.0327,20.8623,20.9475,46660
HVN,20170908,20.9475,21.0327,20.9475,20.9475,117506
HVN,20170911,21.0327,21.0327,20.9475,20.9475,145989
HVN,20170912,20.9475,20.9475,20.8623,20.9475,278640
HVN,20170913,21.0327,21.0327,20.8623,20.9475,155813
HVN,20170914,20.8623,21.0327,20.8623,21.0326,156738
HVN,20170915,20.9474,21.0326,20.8623,21.0326,67220
HVN,20170918,21.0326,22.1396,21.0326,21.7990,338724
HVN,20170919,21.7990,21.7990,21.4584,21.6287,40999
HVN,20170920,21.2881,21.8842,21.2881,21.6287,73200
HVN,20170921,21.7139,21.8842,21.6287,21.6287,131112
HVN,20170922,21.7139,21.8842,21.2881,21.7139,181480
HVN,20170925,21.7139,22.6506,21.2881,22.3099,530450
HVN,20170926,22.3099,22.3951,21.9693,22.0545,184932
HVN,20170927,22.1397,22.1397,21.8842,21.9693,101051
HVN,20170928,21.7990,21.8841,21.2881,21.3733,238330
HVN,20170929,21.7139,21.7991,21.3733,21.5436,138144
HVN,20171002,22.1397,23.8427,21.7991,22.8209,733396
HVN,20171003,22.9912,22.9912,22.2248,22.3951,350010
HVN,20171004,22.3951,23.7575,22.2248,23.5872,747635
HVN,20171005,23.5020,24.4387,23.4169,23.5021,837821
HVN,20171006,23.6724,24.1833,23.5021,23.8427,513490
HVN,20171009,23.9279,24.3536,23.7575,23.9278,495507
HVN,20171010,24.0130,24.0130,23.3317,23.4169,569943
HVN,20171011,23.5872,24.5239,23.1614,24.1833,1020619
HVN,20171012,24.5239,25.3754,24.2685,25.3754,1465673
HVN,20171013,25.2902,25.9715,25.1199,25.2051,576064
HVN,20171016,25.4606,25.5457,25.0348,25.1200,579401
HVN,20171017,25.0348,25.8864,25.0348,25.3754,631609
HVN,20171018,25.5457,25.5457,24.8645,24.9497,698570
HVN,20171019,24.9497,24.9497,24.4388,24.6942,797220
HVN,20171020,24.3536,24.9497,24.3536,24.6942,327110
HVN,20171023,24.7794,24.7794,23.3318,23.5872,434019
HVN,20171024,23.6724,23.8427,23.4169,23.5872,228613
HVN,20171025,23.5872,24.2684,23.5872,24.2684,236503
HVN,20171026,24.2684,24.2684,23.4169,23.8427,222241
HVN,20171027,24.0982,24.0982,23.5872,23.6724,106830
HVN,20171030,23.4169,23.9279,22.6506,22.9060,446345
HVN,20171031,22.9912,23.0763,22.3099,22.7357,309685
HVN,20171101,22.9912,23.1615,22.4802,22.5654,147636
HVN,20171102,22.6506,22.9912,22.3099,22.5654,178899
HVN,20171103,22.7357,23.4169,22.7357,23.1615,250020
HVN,20171106,23.4170,23.6724,23.0763,23.3318,234630
HVN,20171107,23.4170,23.8427,23.3318,23.5021,172055
HVN,20171108,23.5021,23.5021,22.9912,23.3318,225670
HVN,20171109,23.1615,23.3318,22.9912,23.0763,179117
HVN,20171110,23.0763,25.0348,23.0763,24.6091,1173356
HVN,20171113,24.6943,25.8012,24.6943,25.1200,659063
HVN,20171114,25.5458,25.5458,24.6942,24.7794,435673
HVN,20171115,24.9497,24.9497,24.1833,24.3536,594308
HVN,20171116,24.4388,25.2903,24.2684,25.2051,900298
HVN,20171117,25.0348,25.4606,24.7793,24.9497,631651
HVN,20171120,25.1200,25.4606,24.9497,25.1200,389281
HVN,20171121,25.0348,26.8231,24.9497,25.9715,1405929
HVN,20171122,26.1418,28.8667,25.8863,28.5261,2575987
HVN,20171123,28.5261,29.3776,27.2488,28.1003,1099305
HVN,20171124,28.1003,28.3558,27.5042,28.1003,760832
HVN,20171127,28.0151,29.8033,27.9300,29.5479,1471607
HVN,20171128,29.7182,29.8034,28.6112,28.7815,1001471
HVN,20171129,28.8667,29.6330,28.7815,29.4627,620531
HVN,20171130,29.4627,31.4212,29.2924,30.8252,1504596
HVN,20171201,30.5697,32.6134,30.5697,32.4431,1584385
HVN,20171204,32.6134,34.2313,32.6134,34.2313,1481041
HVN,20171205,34.4016,35.5937,32.3579,32.8688,2036241
HVN,20171206,32.9540,33.4649,31.7618,32.4431,1920370
HVN,20171207,32.4431,33.2946,32.3579,32.9540,731029
HVN,20171208,33.1243,33.1243,31.9322,32.1025,746766
HVN,20171211,32.3580,32.3580,29.8034,29.9737,1325148
HVN,20171212,29.1222,31.0807,28.1003,30.3994,1067529
HVN,20171213,30.3994,30.8252,29.3776,30.2291,627851
HVN,20171214,30.2291,32.3579,30.0588,32.1876,1075163
HVN,20171215,32.1876,32.8688,32.1024,32.6134,941089
HVN,20171218,32.5282,33.8907,32.5282,33.1243,914930
HVN,20171219,33.2095,33.2095,32.1025,32.2728,1043120
HVN,20171220,32.2728,33.3798,32.0173,32.8688,895360
HVN,20171221,33.2094,33.7203,32.7836,33.1243,700915
HVN,20171222,33.2095,33.2095,32.1025,32.3579,849415
HVN,20171225,32.4431,32.8688,32.1024,32.4431,383950
HVN,20171226,32.4431,35.1680,32.3579,35.0828,2547080
HVN,20171227,35.1680,36.1898,34.9125,35.9343,1453096
HVN,20171228,36.0195,37.2967,36.0195,37.0413,1240763
HVN,20171229,36.9561,37.1265,36.1046,36.7858,1403091
HVN,20180102,36.7006,40.1919,36.6155,39.8513,1536453
HVN,20180103,39.8513,41.2989,37.7225,39.1701,2153279
HVN,20180104,38.7443,40.6177,38.6592,39.9365,1397180
HVN,20180105,39.5959,41.2989,39.1701,40.7880,1335299
HVN,20180108,40.7028,43.4277,40.6177,43.3426,1695283
HVN,20180109,43.3426,44.5347,42.6614,43.4277,1597691
HVN,20180110,43.8535,43.8535,41.4692,41.9801,1861371
HVN,20180111,41.9801,43.4277,40.8731,43.1723,1322935
HVN,20180112,43.3426,45.1308,43.0020,43.6832,1021552
HVN,20180115,43.4277,44.2793,43.4277,44.2793,951914
HVN,20180116,44.2793,45.0457,43.9387,44.7902,1154825
HVN,20180117,44.7050,46.3229,44.7050,45.1308,1733229
HVN,20180118,45.5566,45.5566,43.3426,44.9605,1590981
HVN,20180119,44.7050,50.2400,44.6199,48.2814,2350353
HVN,20180122,47.8556,54.2421,47.6853,54.2421,3011445
HVN,20180123,54.9233,59.6067,54.2421,57.3076,2455609
HVN,20180124,57.3076,57.9037,54.0718,54.6679,2076432
HVN,20180125,55.0937,57.2225,53.5609,54.1569,2344305
HVN,20180126,54.2421,55.3490,52.3687,52.7945,2179883
HVN,20180129,50.6657,54.4975,50.2399,51.9430,1507535
HVN,20180130,51.0915,52.1133,49.8142,50.2399,2202371
HVN,20180131,50.2399,50.6657,45.5565,45.8120,3097150
HVN,20180201,45.8120,47.6854,42.1504,43.5980,2430906
HVN,20180202,44.2792,45.5565,42.4910,45.3011,2551448
HVN,20180205,45.3011,45.7269,41.7247,42.4911,2133156
HVN,20180206,42.1505,42.1505,37.6374,38.7444,2770837
HVN,20180207,39.1702,43.4278,39.1702,43.0020,2381296
HVN,20180208,42.4911,44.1941,39.2553,39.6810,1412300
HVN,20180209,38.3186,39.5959,34.7422,39.5959,1433769
HVN,20180212,39.1701,42.5762,39.1701,42.4911,727541
HVN,20180213,42.4911,45.1308,42.4911,45.1308,1390941
HVN,20180221,45.9823,47.3448,45.1308,46.7487,1113547
HVN,20180222,46.9190,46.9190,43.6832,44.2793,1253519
HVN,20180223,44.2793,45.7269,43.8535,45.0456,1074223
HVN,20180226,45.1308,46.4080,44.6198,44.9605,1126366
HVN,20180227,45.3011,49.3884,44.8753,49.0478,3664154
HVN,20180228,49.3884,50.0696,48.1111,49.2181,1581591
HVN,20180301,49.0478,49.8142,48.2814,48.7923,1373626
HVN,20180302,48.5368,48.5368,46.8338,48.4517,1308865
HVN,20180305,48.1962,49.8141,45.8971,45.9823,1523671
HVN,20180306,47.0893,47.7705,45.8120,47.6002,1149315
HVN,20180307,47.6854,48.0260,44.9605,45.0456,1449508
HVN,20180308,45.9823,45.9823,43.4277,44.4496,1337763
HVN,20180309,44.7051,45.9823,44.3644,44.8753,648087
HVN,20180312,45.1308,45.7268,44.1941,44.4496,685958
HVN,20180313,44.2793,44.5348,43.2575,43.4277,1845989
HVN,20180314,43.4277,43.5129,42.3207,43.2574,1633496
HVN,20180315,43.3426,45.0456,43.2574,44.5347,1384430
HVN,20180316,44.7050,45.5565,44.2792,44.4496,1088980
HVN,20180319,44.4496,44.8754,42.9169,43.0871,1694054
HVN,20180320,43.2574,43.5980,40.7028,40.9583,3116500
HVN,20180321,40.9583,42.3207,39.9365,40.6177,1557930
HVN,20180322,40.7029,42.0653,40.6177,41.2989,870574
HVN,20180323,41.2989,41.2989,38.3186,39.9365,1278764
HVN,20180326,39.2553,40.7029,39.1701,40.1068,638775
HVN,20180327,40.2771,41.3841,40.1920,40.9583,804364
HVN,20180328,40.9583,41.4692,40.1919,40.7029,449013
HVN,20180329,40.7029,41.4693,40.4474,41.4692,713517
HVN,20180330,41.2137,42.5762,41.1286,42.3208,860361
HVN,20180402,42.5763,43.5129,42.1505,42.5762,846561
HVN,20180403,42.5762,42.6614,41.4692,41.7247,955971
HVN,20180404,41.7247,42.6614,41.4692,41.8950,1182775
HVN,20180405,41.7247,42.1505,40.8732,41.1286,627097
HVN,20180406,41.2989,41.9801,41.1286,41.3841,781188
HVN,20180409,40.8732,41.3841,40.1920,40.6177,812499
HVN,20180410,40.6177,42.3207,39.9365,41.2989,977855
HVN,20180411,41.5544,42.1504,40.6177,40.9583,690947
HVN,20180412,40.8731,41.2989,40.4474,40.7029,587488
HVN,20180413,40.8732,41.0435,39.7662,39.8513,684885
HVN,20180416,39.6810,39.9365,38.9146,39.1701,587937
HVN,20180417,38.4037,39.5959,38.4037,39.3404,480877
HVN,20180418,40.0216,41.3841,39.1701,39.5959,873012
HVN,20180419,42.5466,43.6887,39.9766,40.1746,756169
HVN,20180420,39.9842,40.6506,39.6034,40.4602,367685
HVN,20180423,40.5554,41.0314,36.7474,37.1282,514780
HVN,20180424,37.1282,37.9850,35.7002,36.0810,848800
HVN,20180426,36.2714,36.4618,32.1778,32.8441,1478625
HVN,20180427,33.4153,36.0809,32.8441,35.7954,757900
HVN,20180502,35.7954,36.6522,35.2242,35.4146,539902
HVN,20180503,35.7002,35.7002,33.3202,34.9386,524668
HVN,20180504,35.1290,35.7002,34.8434,35.2242,344565
HVN,20180507,36.5570,38.1754,35.5098,37.0330,369451
HVN,20180508,37.1282,37.6042,36.6522,36.6522,351591
HVN,20180509,37.0330,37.0330,36.1762,36.9378,337402
HVN,20180510,36.9378,36.9378,35.2242,35.2242,497197
HVN,20180511,35.7002,36.1762,34.7482,36.0810,324736
HVN,20180514,35.7954,36.3666,35.4146,36.2714,267589
HVN,20180515,36.2714,36.6522,36.0810,36.4618,302998
HVN,20180516,36.3666,36.3666,35.7002,35.7954,282692
HVN,20180517,38.0802,38.0802,35.1290,35.3194,252566
HVN,20180518,35.4146,35.4146,33.5106,34.3673,668748
HVN,20180521,35.0337,35.0337,33.5105,33.7961,195556
HVN,20180522,33.7961,33.7961,30.7497,31.4161,557314
HVN,20180523,27.4177,31.8921,27.4177,31.2257,466778
HVN,20180524,31.4161,31.9873,30.2737,30.4641,338763
HVN,20180525,30.9401,30.9401,29.0361,29.1313,324865
HVN,20180528,28.6553,29.5121,25.8945,26.6561,926426
HVN,20180529,26.6561,29.9881,25.7041,29.4169,556700
HVN,20180530,29.4169,29.4169,28.3697,28.9409,283589
HVN,20180531,29.4298,30.0164,28.7454,29.8201,420426
HVN,20180601,29.6246,31.9711,29.4290,31.1889,513214
HVN,20180604,31.2867,32.3622,30.5045,32.2644,513711
HVN,20180605,32.2644,33.0466,32.0689,32.3621,404670
HVN,20180606,32.4599,32.5576,31.6777,32.3621,357759
HVN,20180607,32.3621,35.5885,32.0688,35.1975,1123039
HVN,20180608,34.4153,36.8596,34.4153,36.3707,806519
HVN,20180611,36.1752,36.6640,35.2952,35.2953,577342
HVN,20180612,35.5886,35.5886,33.1443,34.4153,958014
HVN,20180613,34.0242,35.4908,33.8287,34.7086,761987
HVN,20180614,34.7086,34.7086,33.2420,33.6332,492328
HVN,20180615,33.9265,34.8065,33.2421,34.4153,396057
HVN,20180618,34.6108,34.6108,32.7532,33.5354,399596
HVN,20180619,33.2421,33.2421,31.2867,32.7532,754396
HVN,20180620,32.7532,34.1220,32.0688,33.5354,292314
HVN,20180621,33.4376,33.5354,32.6555,32.8510,190473
HVN,20180622,32.2644,33.4376,32.2644,33.4376,218076
HVN,20180625,33.2421,33.9265,33.2421,33.6332,273398
HVN,20180626,33.7310,33.7310,32.7533,33.2421,118717
HVN,20180627,33.2421,33.4376,32.8510,32.8510,269848
HVN,20180628,32.7532,33.0465,32.3621,32.6555,294530
HVN,20180629,32.7533,33.0466,32.2644,32.5577,270636
HVN,20180702,32.5577,32.5577,30.3090,30.7978,471629
HVN,20180703,30.7978,31.2867,29.0379,29.3312,315334
HVN,20180704,29.3312,29.7223,28.5490,29.5268,416562
HVN,20180705,29.3313,29.6246,28.3535,28.5491,280098
HVN,20180706,28.5491,29.8201,27.3758,29.3312,583650
HVN,20180709,29.3312,30.0156,29.1357,29.2335,198950
HVN,20180710,29.8201,30.0157,29.3313,29.5268,113629
HVN,20180711,29.0379,29.6246,29.0379,29.2335,381772
HVN,20180712,29.3313,29.3313,28.8424,29.1357,71290
HVN,20180713,29.6246,30.0156,29.5268,29.9179,258763
HVN,20180716,30.1134,30.3090,29.6246,29.7223,145817
HVN,20180717,30.2112,30.3089,29.3312,29.9179,253840
HVN,20180718,29.7224,31.5800,29.7224,31.4822,397237
HVN,20180719,31.4822,32.2644,30.9933,32.2644,426120
HVN,20180720,32.2644,33.0466,31.7755,32.2644,543199
HVN,20180723,32.4599,32.5577,31.4822,31.4822,345836
HVN,20180724,31.2867,31.4822,30.7978,31.1889,200935
HVN,20180725,31.1889,31.7755,30.8956,31.4822,522934
HVN,20180726,31.2867,31.4822,31.0911,31.4822,274411
HVN,20180727,31.3844,33.7309,31.3844,33.6332,1455685
HVN,20180730,33.7310,36.3708,33.7310,35.8819,1140882
HVN,20180731,35.6864,35.8819,34.7086,35.3930,774431
HVN,20180801,35.6863,37.5440,34.9041,36.4685,1255731
HVN,20180802,36.1752,37.9351,36.1752,37.7395,1424712
HVN,20180803,37.8373,37.8373,37.0551,37.5440,761648
HVN,20180806,37.5440,37.5440,36.3708,36.4685,751215
HVN,20180807,36.3707,36.8596,35.3930,35.4908,1030104
HVN,20180808,35.4908,37.0551,35.4908,36.9574,570142
HVN,20180809,37.1529,37.6418,36.1752,36.7618,689438
HVN,20180810,37.1529,37.1529,35.8819,36.3707,545860
HVN,20180813,36.3707,36.9573,35.9796,36.0774,954940
HVN,20180814,36.1752,39.0105,35.9796,38.7172,1869184
HVN,20180815,38.9127,39.5971,37.6417,37.6418,1018762
HVN,20180816,38.1307,38.5217,37.1529,38.4239,983370
HVN,20180817,38.2284,38.9128,38.0328,38.3262,902713
HVN,20180820,38.4240,40.0861,38.4240,39.4016,1066606
HVN,20180821,39.4994,39.8905,38.6194,39.1083,872740
HVN,20180822,39.1083,39.5972,38.4239,38.5217,889331
HVN,20180823,38.7172,38.7172,37.9351,38.1306,915230
HVN,20180824,38.1306,38.3262,37.5440,38.3262,950361
HVN,20180827,37.8373,38.7173,37.8373,38.0329,646227
HVN,20180828,38.3262,38.4240,38.0329,38.0329,473400
HVN,20180829,38.2284,38.3262,37.6418,37.9351,541130
HVN,20180830,37.9351,38.8150,37.9351,38.8150,973249
HVN,20180831,38.7172,39.4994,38.7172,38.9128,1285058
HVN,20180904,39.1083,39.1083,37.8373,38.1306,554927
HVN,20180905,38.1306,38.3261,37.3484,37.6418,762301
HVN,20180906,37.7396,37.7396,35.9797,36.1752,1335612
HVN,20180907,36.1752,37.0551,36.1752,36.9574,410949
HVN,20180910,36.9574,37.2507,36.6641,36.8596,269055
HVN,20180911,36.9574,37.7395,36.5663,37.7395,562060
HVN,20180912,38.1306,38.1306,37.1529,37.1529,451697
HVN,20180913,37.5440,37.7395,36.7618,36.8596,627383
HVN,20180914,36.8596,37.1529,36.7618,37.0551,398367
HVN,20180917,37.0551,37.0551,36.6640,36.6641,220310
HVN,20180918,36.7619,37.2507,36.0775,37.1529,366664
HVN,20180919,37.1529,37.6418,36.9574,37.1529,411982
HVN,20180920,37.2507,37.9351,36.9574,37.9351,757306
HVN,20180921,38.1306,39.0106,37.8373,38.5217,1726588
HVN,20180924,38.5217,40.5749,38.3262,40.3794,2184390
HVN,20180925,40.6727,40.9660,40.1839,40.2816,960316
HVN,20180926,40.5749,40.5749,39.7927,39.8905,1376547
HVN,20180927,40.1838,40.1838,39.4016,39.7927,1278660
HVN,20180928,40.0860,40.7704,39.6949,40.3794,1004967
HVN,20181001,40.2816,41.2593,39.7928,40.0860,904188
HVN,20181002,39.6949,40.0860,38.6194,39.0106,1547015
HVN,20181003,39.1084,39.1084,38.4240,38.5217,800029
HVN,20181004,38.7172,39.4016,38.5217,39.0106,419440
HVN,20181005,39.0106,39.0106,38.4240,38.5217,506215
HVN,20181008,38.7172,38.7172,37.2507,37.3485,840280
HVN,20181009,37.3485,38.0329,37.2507,37.6418,460275
HVN,20181010,37.6418,37.9351,37.1529,37.5440,307188
HVN,20181011,37.1529,37.1529,33.1443,34.2198,1582622
HVN,20181012,34.2198,35.9797,33.0465,35.5886,969447
HVN,20181015,35.1975,35.5886,34.6109,34.8064,451515
HVN,20181016,34.5131,35.3930,34.5131,35.1975,317482
HVN,20181017,35.6864,36.0774,35.2953,35.2953,333873
HVN,20181018,35.3931,35.3931,34.4154,34.9042,421299
HVN,20181019,34.7087,34.9042,33.7309,34.8064,387780
HVN,20181022,34.9042,35.0019,33.9265,33.9265,279580
HVN,20181023,34.4154,34.4154,32.2644,33.3399,548870
HVN,20181024,33.2421,33.5354,32.3622,32.5577,416077
HVN,20181025,32.7532,32.7532,30.7001,31.8733,651695
HVN,20181026,32.0688,32.3622,31.3844,31.6777,419750
HVN,20181029,31.6777,31.7755,31.0911,31.2867,228412
HVN,20181030,31.0912,31.6778,30.7978,31.5800,375221
HVN,20181031,31.6778,32.7533,31.6778,32.7532,404715
HVN,20181101,32.8510,32.9487,31.2866,31.5800,420533
HVN,20181102,31.7755,32.2644,31.2867,32.1666,485267
HVN,20181105,32.1666,32.1666,31.1889,32.0688,389790
HVN,20181106,32.0688,32.4599,31.5799,31.8733,318645
HVN,20181107,32.0688,32.0688,31.2867,31.5800,233370
HVN,20181108,31.6778,32.5577,31.6778,32.3621,585090
HVN,20181109,32.3621,33.7309,32.1666,32.8510,703370
HVN,20181112,32.8510,32.9488,31.9711,32.1666,324000
HVN,20181113,31.7755,31.8733,31.0911,31.2867,989722
HVN,20181114,30.3090,31.5800,30.1134,30.4067,521550
HVN,20181115,30.7000,30.7000,29.8201,30.3090,296004
HVN,20181116,30.6023,31.0912,30.5045,30.7000,237936
HVN,20181119,30.7000,31.5800,30.7000,31.5800,272695
HVN,20181120,30.3090,31.1889,26.5937,30.8956,198036
HVN,20181121,30.7001,32.3622,30.4067,32.2644,611399
HVN,20181122,32.2644,32.4599,31.7755,31.9711,294915
HVN,20181123,31.7756,32.0689,31.4822,31.4822,229435
HVN,20181126,31.5800,32.5577,31.2867,32.2644,514996
HVN,20181127,32.4599,32.4599,31.7755,31.8733,225315
HVN,20181128,32.0688,32.3622,31.8733,32.0688,150500
HVN,20181129,32.2643,33.5354,32.2643,32.8510,1189856
HVN,20181130,32.8510,33.8287,32.4599,33.0465,277172
HVN,20181203,33.2420,34.1220,32.9487,33.9265,517134
HVN,20181204,34.2198,34.3176,33.4376,33.8287,723899
HVN,20181205,33.4376,33.7309,33.0465,33.5354,397680
HVN,20181206,32.7532,34.0243,32.7532,33.6332,409544
HVN,20181207,33.7310,34.5131,33.5354,34.1220,571010
HVN,20181210,34.1220,34.1220,33.3398,33.4376,295299
HVN,20181211,33.7309,33.7309,33.0465,33.2421,248953
HVN,20181212,33.3399,33.6332,33.1443,33.2421,290288
HVN,20181213,33.4376,34.6109,33.1443,33.8287,512614
HVN,20181214,33.8287,34.1220,33.3398,33.4376,281137
HVN,20181217,33.5354,33.5354,32.2644,32.2644,361495
HVN,20181218,32.2644,32.2644,31.5800,32.1666,451949
HVN,20181219,32.4599,32.5577,31.8733,32.4599,183140
HVN,20181220,32.2644,32.4599,31.9710,32.3621,113733
HVN,20181221,32.1666,32.2643,31.8732,32.0688,237869
HVN,20181224,32.3621,32.3621,31.9710,32.2644,225323
HVN,20181225,31.3845,31.6778,30.5045,31.2867,363310
HVN,20181226,31.2867,32.1666,31.2867,32.1666,248840
HVN,20181227,32.6555,32.7532,32.2644,32.3621,157415
HVN,20181228,32.4599,32.6554,32.1666,32.2644,180698
HVN,20190102,32.3622,35.4908,32.3622,34.9042,1723444
HVN,20190103,35.0020,35.4908,33.5354,33.6332,679554
HVN,20190104,33.6332,34.2198,33.2421,34.0242,472287
HVN,20190107,33.9264,34.9041,33.8287,34.7086,490463
HVN,20190108,34.5131,34.8064,34.2197,34.7086,607856
HVN,20190109,34.8064,36.4685,34.8064,36.1752,1719633
HVN,20190110,36.0774,36.6641,35.7841,36.2730,609390
HVN,20190111,36.2730,36.4685,35.9797,36.1752,482237
HVN,20190114,36.1752,36.1752,35.4908,35.6864,482904
HVN,20190115,35.6864,36.0775,35.3931,35.9797,308714
HVN,20190116,36.1752,36.6641,35.9797,36.3707,498036
HVN,20190117,36.2729,36.2729,36.0774,36.0774,477663
HVN,20190118,36.1752,36.1752,35.0997,35.1975,541819
HVN,20190121,35.1975,35.9797,34.8064,35.6864,373144
HVN,20190122,35.6864,37.1530,35.4909,36.8596,1198320
HVN,20190123,36.4685,37.5440,36.4685,36.9574,572020
HVN,20190124,37.0552,37.0552,36.5663,36.6641,195290
HVN,20190125,36.5663,36.6641,36.1752,36.3707,435979
HVN,20190128,36.1752,36.6641,36.1752,36.6641,226840
HVN,20190129,36.5663,37.1530,36.2730,36.8596,357285
HVN,20190130,36.8596,37.7395,36.8596,37.7395,740010
HVN,20190131,37.9350,38.5217,37.6417,38.2284,854692
HVN,20190201,38.0329,38.2284,37.7395,38.1306,346548
HVN,20190211,38.1306,39.0105,38.1306,38.9128,404522
HVN,20190212,38.9128,39.2061,38.4239,38.7172,764010
HVN,20190213,38.6194,40.5748,38.6194,40.0860,1358886
HVN,20190214,40.0860,40.2815,39.6949,39.6950,493193
HVN,20190215,39.6950,39.7928,39.3039,39.4016,545138
HVN,20190218,39.4016,39.8905,38.8150,39.5972,758260
HVN,20190219,39.4994,40.2816,36.2730,37.5440,1861529
HVN,20190220,37.7395,37.9351,36.8596,37.2507,743986
HVN,20190221,37.2507,38.1306,37.0552,38.1306,628856
HVN,20190222,37.9351,38.3261,37.1529,38.2284,982187
HVN,20190225,38.0329,38.9128,37.6418,37.8373,655181
HVN,20190226,38.0328,38.3262,37.6418,37.9351,542700
HVN,20190227,37.9351,39.5972,37.9351,39.3039,1931085
HVN,20190228,39.1084,39.5972,38.3262,38.3262,1055368
HVN,20190301,38.3262,39.7928,38.3262,39.5972,1231293
HVN,20190304,39.3039,42.0415,39.3039,41.9437,2159830
HVN,20190305,42.0415,42.0415,41.3571,41.6504,1352465
HVN,20190306,40.5749,41.8459,40.5749,41.4548,815962
HVN,20190307,41.2593,41.8459,40.9659,41.0637,713115
HVN,20190308,41.0637,41.0637,39.6949,39.8905,1517915
HVN,20190311,39.7927,40.3794,39.4994,39.8905,822075
HVN,20190312,39.9883,40.5749,39.8905,40.2816,1432746
HVN,20190313,40.2816,40.2816,39.7927,39.8905,1124763
HVN,20190314,39.6950,41.4548,39.6950,41.0637,1510829
HVN,20190315,40.5748,41.5526,40.5748,41.3571,1287320
HVN,20190318,41.0638,42.9214,41.0638,42.3348,2222011
HVN,20190319,42.4326,42.6281,41.0638,41.2593,1174541
HVN,20190320,41.1615,41.4548,40.4771,41.3571,930047
HVN,20190321,41.0638,41.8460,40.0861,40.2816,2197087
HVN,20190322,40.4771,40.7705,39.8905,40.5749,1009338
HVN,20190325,40.0860,40.2816,38.9128,39.6950,932690
HVN,20190326,39.6950,40.0861,39.3039,39.5972,481600
HVN,20190327,39.4994,40.3794,39.4994,40.0860,931234
HVN,20190328,39.9882,40.1838,39.6949,40.0860,296111
HVN,20190329,40.0860,40.6726,39.9882,40.0860,468418
HVN,20190401,40.4771,40.4771,39.9882,39.9883,485279
HVN,20190402,40.2816,40.4772,39.8905,39.9883,681023
HVN,20190403,40.0861,40.0861,39.4994,39.6950,394580
HVN,20190404,39.7928,40.3794,39.6950,40.0860,593592
HVN,20190405,40.0860,40.3793,39.7927,40.0860,307187
HVN,20190408,39.9882,40.3793,39.9882,40.1838,513274
HVN,20190409,40.2816,40.3793,39.4016,39.4016,894113
HVN,20190410,39.5971,39.6949,38.3261,38.6195,1040263
HVN,20190411,38.8150,38.8150,37.9351,38.2284,688483
HVN,20190412,38.1306,40.0860,37.6418,39.9883,1174325
HVN,20190416,39.9883,40.5749,39.4017,40.2816,1077679
HVN,20190417,40.0861,40.2816,39.3039,39.4994,670896
HVN,20190418,39.6949,39.6949,38.9128,39.3039,635353
HVN,20190419,39.4017,39.9883,39.0106,39.6950,713845
HVN,20190422,39.6950,39.9883,39.3039,39.4016,654120
HVN,20190423,39.4016,39.4016,39.4016,39.4016,0
HVN,20190424,39.4016,39.4016,39.4016,39.4016,0
HVN,20190425,39.4016,39.4016,39.4016,39.4016,0
HVN,20190426,39.4016,39.4016,39.4016,39.4016,0
HVN,20190502,39.4016,39.4016,39.4016,39.4016,0
HVN,20190503,39.4016,39.4016,39.4016,39.4016,0
HVN,20190506,39.4016,39.4016,39.4016,39.4016,0
HVN,20190507,40.4771,41.5526,39.5971,39.5972,1255680
HVN,20190508,39.1083,39.1083,38.4239,38.4728,514730
HVN,20190509,39.0105,39.0105,38.1795,38.2773,332280
HVN,20190510,38.2773,38.7662,37.6907,38.2284,545760
HVN,20190513,38.1306,39.5483,37.6418,39.2061,759280
HVN,20190514,38.8150,40.2816,38.7172,40.2816,963990
HVN,20190515,40.3794,40.7705,39.8905,39.8905,654310
HVN,20190516,39.8905,40.0860,39.6950,39.6950,271190
HVN,20190517,39.9883,40.2816,39.6461,39.6950,516050
HVN,20190520,39.6950,40.3305,39.6950,40.2327,839280
HVN,20190521,40.4771,41.5037,40.4771,41.3571,2206220
HVN,20190522,41.4549,42.2859,41.1616,41.6504,1690050
HVN,20190523,41.6504,41.8459,41.4549,41.8459,830590
HVN,20190524,41.8459,42.3348,41.4548,41.8948,1508050
HVN,20190527,41.8948,42.4325,41.6993,42.4325,785510
HVN,20190528,42.8236,43.9969,42.7258,43.9969,1946040
HVN,20190529,43.9969,43.9969,42.9214,43.4102,1069250
HVN,20190530,43.6057,44.2901,43.0191,43.8502,1309010
HVN,20190531,44.0000,44.3500,43.4500,43.4500,1401520
HVN,20190603,43.0000,43.0000,41.1000,41.1000,1032910
HVN,20190604,41.9000,41.9000,41.1000,41.4500,566630
HVN,20190605,42.4000,42.4000,41.6000,42.0000,463030
HVN,20190606,41.9000,41.9500,41.2500,41.5000,354600
HVN,20190607,42.0000,43.2000,41.7000,43.2000,1115580
HVN,20190610,43.6000,43.6000,43.0500,43.2500,690310
HVN,20190611,43.2500,43.7000,43.0000,43.3000,769000
HVN,20190612,43.3000,43.8000,43.2000,43.4000,846880
HVN,20190613,43.2500,43.4000,42.1500,42.1500,725360
HVN,20190614,42.1500,42.8000,41.9000,42.7500,519420
HVN,20190617,42.6000,42.9500,41.7500,42.2000,513740
HVN,20190618,42.4000,42.5000,41.9500,42.5000,309680
HVN,20190619,43.0000,43.4500,42.7000,42.8500,580300
HVN,20190620,42.8500,43.7000,42.8500,43.6000,1009120
HVN,20190621,43.9000,43.9000,42.9000,43.2000,757270
HVN,20190624,43.4000,43.4000,42.8500,42.9000,498780
HVN,20190625,42.9000,42.9000,42.2000,42.2000,1131940
HVN,20190626,42.1000,42.2000,41.5500,41.5500,1139200
HVN,20190627,41.8000,41.9000,41.2000,41.2000,822260
HVN,20190628,41.2000,42.0000,41.2000,42.0000,662860
HVN,20190701,42.3500,42.4000,41.9000,42.0000,296100
HVN,20190702,42.3000,42.3000,41.8000,42.0000,296650
HVN,20190703,42.0000,42.0000,41.7000,41.8000,225240
HVN,20190704,42.0000,42.3500,42.0000,42.3000,467430
HVN,20190705,42.4000,42.4500,42.1500,42.2000,466800
HVN,20190708,42.0500,42.9000,41.9500,42.9000,850800
HVN,20190709,42.9000,43.0000,42.6000,42.8000,489360
HVN,20190710,42.7500,43.6500,42.7500,43.2500,1895640
HVN,20190711,43.5000,43.8000,43.0500,43.7000,1048620
HVN,20190712,43.6500,44.3000,43.5500,43.9000,1585470
HVN,20190715,43.9000,43.9000,43.6500,43.7500,584740
HVN,20190716,43.8500,44.3000,41.8000,42.1000,3059790
HVN,20190717,42.1000,42.6500,41.8000,42.5000,1039330
HVN,20190718,42.1000,42.6000,42.1000,42.5000,397910
HVN,20190719,42.5000,42.5000,41.9500,42.0500,718570
HVN,20190722,42.0000,42.5000,41.9500,42.0000,553500
HVN,20190723,42.0000,43.0000,42.0000,42.7000,716430
HVN,20190724,42.8000,42.9000,42.5000,42.5000,605350
HVN,20190725,42.3000,42.8500,42.3000,42.8000,462160
HVN,20190726,42.9000,42.9000,42.6000,42.7500,421020
HVN,20190729,42.6000,42.6000,42.0000,42.5000,325580
HVN,20190730,42.0000,42.4000,41.9000,41.9000,477390
HVN,20190731,41.6500,41.9000,41.4000,41.6500,552290
HVN,20190801,41.5000,41.7000,41.2000,41.2000,487820
HVN,20190802,40.8000,40.8000,39.8000,40.0000,949220
HVN,20190805,40.0000,40.5000,39.9500,40.0500,424610
HVN,20190806,39.3000,39.9000,38.8000,38.8000,1086940
HVN,20190807,39.0000,39.5000,39.0000,39.2000,659210
HVN,20190808,39.2000,39.9500,39.0000,39.9500,321310
HVN,20190809,39.5000,40.0000,39.3000,39.3500,417620
HVN,20190812,39.4000,39.9000,39.3000,39.4000,281730
HVN,20190813,39.1500,39.4500,39.0500,39.2000,347810
HVN,20190814,39.4000,39.5000,39.2000,39.2000,217170
HVN,20190815,38.1000,39.2000,38.1000,38.6000,420630
HVN,20190816,38.6000,39.0000,38.6000,38.9000,326360
HVN,20190819,39.2000,39.2000,38.9500,39.0500,145610
HVN,20190820,39.0000,39.4500,39.0000,39.0000,324230
HVN,20190821,39.0000,39.4000,39.0000,39.3000,365760
HVN,20190822,39.5000,39.5000,39.0000,39.0000,271630
HVN,20190823,39.1000,39.1000,38.3000,38.6000,433570
HVN,20190826,38.0000,38.6000,37.3500,37.5000,632660
HVN,20190827,37.6000,38.1000,36.0500,36.0500,1169520
HVN,20190828,36.0500,36.5000,35.5500,35.5500,630220
HVN,20190829,35.6000,36.3000,35.6000,36.0000,379250
HVN,20190830,36.2500,36.5500,36.0000,36.2500,336220
HVN,20190903,36.5000,36.6000,35.6000,36.0000,343430
HVN,20190904,36.0000,36.0000,35.1500,35.1500,388440
HVN,20190905,35.7500,35.8500,35.1500,35.1500,306880
HVN,20190906,35.2000,35.2500,34.2500,34.3000,522990
HVN,20190909,34.2000,34.4000,32.9500,33.3500,993180
HVN,20190910,33.3500,33.3500,32.0000,32.3000,1074770
HVN,20190911,32.2000,32.8500,32.1000,32.8500,508540
HVN,20190912,33.0000,34.3000,33.0000,34.2000,468280
HVN,20190913,34.2000,34.5000,33.5000,34.2000,416510
HVN,20190916,34.1000,34.2000,33.2000,33.3000,504630
HVN,20190917,33.3000,33.3000,32.8000,33.0000,553770
HVN,20190918,33.0000,33.8000,33.0000,33.5000,401290
HVN,20190919,33.6000,33.9000,33.5000,33.9000,249340
HVN,20190920,33.9000,34.0000,33.3000,33.3500,383340
HVN,20190923,33.3500,33.4000,33.0500,33.0500,244580
HVN,20190924,33.1000,33.4000,33.0500,33.1500,194130
HVN,20190925,33.1500,33.4000,33.0500,33.2000,280240
HVN,20190926,33.2000,33.2500,32.7000,32.8500,430850
HVN,20190927,33.0000,33.0500,32.7500,32.8000,224060
HVN,20190930,32.8500,33.7000,32.8500,33.6000,464990
HVN,20191001,33.6500,33.6500,33.4000,33.6000,241630
HVN,20191002,33.6000,33.6000,33.0000,33.1500,364760
HVN,20191003,32.6000,32.9500,32.5500,32.8000,243500
HVN,20191004,32.8000,33.5500,32.8000,33.1500,203770
HVN,20191007,33.1500,33.3000,32.6500,32.6500,181890
HVN,20191008,32.9500,33.3500,32.6500,33.3500,335530
HVN,20191009,33.3000,34.9000,33.1000,34.8000,1391720
HVN,20191010,35.0000,36.0000,34.9000,35.4500,1067610
HVN,20191011,35.3000,35.4500,35.0000,35.1000,556930
HVN,20191014,35.1000,35.2000,34.8500,35.0000,506600
HVN,20191015,35.1000,35.9000,34.9000,35.7000,691580
HVN,20191016,36.2500,36.2500,35.7500,35.7500,498840
HVN,20191017,36.0000,36.0000,35.2500,35.3000,310880
HVN,20191018,35.1000,35.5000,34.7000,34.7000,427470
HVN,20191021,34.7000,34.7000,34.2500,34.2500,320520
HVN,20191022,34.3000,35.3000,34.3000,35.2500,311610
HVN,20191023,35.2500,35.4000,34.9000,34.9000,352990
HVN,20191024,34.9000,35.3000,34.7500,35.3000,278870
HVN,20191025,35.5000,35.7500,35.3000,35.6000,360100
HVN,20191028,35.6000,35.8000,35.0000,35.1000,276140
HVN,20191029,35.1000,35.4000,35.0000,35.2500,312200
HVN,20191030,35.2500,35.4000,35.1000,35.1500,351700
HVN,20191031,35.0000,35.2000,34.9000,35.0000,394190
HVN,20191101,35.3000,36.5500,35.2500,36.5000,1540650
HVN,20191104,36.6000,36.6000,36.0000,36.4500,867720
HVN,20191105,36.4000,36.5000,36.1000,36.4500,406220
HVN,20191106,36.3500,36.4000,35.8000,35.9000,536950
HVN,20191107,35.9000,36.3000,35.9000,36.2000,313150
HVN,20191108,36.4000,36.4000,36.0000,36.1000,264110
HVN,20191111,36.3000,36.4500,35.9500,35.9500,412590
HVN,20191112,35.9500,36.3000,35.6000,36.1500,452140
HVN,20191113,36.1000,36.2000,35.8000,35.8500,299670
HVN,20191114,35.9000,36.1500,35.6000,35.6000,332150
HVN,20191115,35.9000,35.9000,35.1000,35.2000,487800
HVN,20191118,35.2000,35.5000,34.6500,34.7000,276560
HVN,20191119,34.6500,35.0000,34.6000,34.7500,185980
HVN,20191120,35.1000,35.1000,34.7500,34.8000,197170
HVN,20191121,34.8000,35.0000,34.7000,34.8000,216420
HVN,20191122,34.8000,34.9500,33.8000,33.8000,607680
HVN,20191125,33.6500,33.7000,33.0000,33.6000,428140
HVN,20191126,33.8000,33.9500,33.6000,33.9000,198510
HVN,20191127,33.9000,34.3000,33.8000,34.3000,284510
HVN,20191128,34.3000,34.7000,33.8500,34.4500,387800
HVN,20191129,34.4500,35.0000,34.3000,34.9500,330370
HVN,20191202,35.0000,35.1500,34.5000,35.1000,585250
HVN,20191203,35.1000,35.4500,34.5000,35.4000,520910
HVN,20191204,35.4500,35.5000,35.2000,35.5000,292750
HVN,20191205,35.5000,35.8000,35.5000,35.7500,456310
HVN,20191206,35.7500,35.8000,35.1500,35.1500,582610
HVN,20191209,34.7000,35.1500,34.5000,34.6500,226580
HVN,20191210,34.8000,34.8000,34.1000,34.2000,152340
HVN,20191211,34.1000,34.3000,33.9500,34.1000,137730
HVN,20191212,34.5000,34.6000,34.1500,34.6000,154360
HVN,20191213,34.6000,35.0000,34.6000,34.6000,120870
HVN,20191216,34.6000,34.7500,34.1500,34.2000,159640
HVN,20191217,34.3500,34.3500,33.8000,33.8000,242640
HVN,20191218,34.0000,34.0000,33.1500,33.3000,269700
HVN,20191219,33.3000,34.3000,33.0500,34.2000,219280
HVN,20191220,34.5000,34.5000,33.8000,33.8500,99440
HVN,20191223,34.0000,34.4500,33.8500,34.3500,193480
HVN,20191224,34.4500,34.5000,33.8000,34.0000,161890
HVN,20191225,33.8000,34.2500,33.8000,34.2000,131980
HVN,20191226,34.2000,34.3000,33.9000,33.9000,90240
HVN,20191227,33.9000,34.0000,33.8000,33.9000,286840
HVN,20191230,34.0000,34.5000,33.9000,33.9000,339280
HVN,20191231,33.9000,33.9000,33.2000,33.7500,490540
HVN,20200102,33.7500,34.3500,33.5000,34.3000,134600
HVN,20200103,34.5000,34.5000,33.9500,34.1000,151600
HVN,20200106,34.1000,34.1000,33.4000,33.5000,176000
HVN,20200107,33.6000,33.7000,33.1000,33.4500,108420
HVN,20200108,33.0000,33.3000,32.5000,32.5000,386610
HVN,20200109,33.0000,33.2000,32.6000,32.6000,199950
HVN,20200110,32.8500,32.8500,32.5000,32.6000,161600
HVN,20200113,32.6000,32.7500,32.5500,32.6000,127840
HVN,20200114,32.6000,32.7000,31.9000,32.2000,262760
HVN,20200115,32.0500,32.2000,31.8000,31.8500,247290
HVN,20200116,32.0000,33.0000,31.9000,33.0000,241750
HVN,20200117,33.0000,33.0000,32.5500,32.5500,155850
HVN,20200120,32.5500,32.7000,32.1000,32.1500,158270
HVN,20200121,32.5000,32.9500,32.2500,32.7500,225710
HVN,20200122,32.7500,32.8000,32.6000,32.8000,129780
HVN,20200130,30.9000,32.1000,30.5500,30.5500,1031650
HVN,20200131,29.1000,29.3000,28.4500,28.4500,1098740
HVN,20200203,26.5000,27.4000,26.5000,27.0000,1041750
HVN,20200204,27.6500,27.6500,26.1000,26.7000,1066590
HVN,20200205,27.0000,27.0500,26.4500,26.5000,661210
HVN,20200206,26.0500,26.5000,26.0000,26.4000,1565540
HVN,20200207,26.8000,28.0000,26.7000,28.0000,1155030
HVN,20200210,28.0000,28.0000,27.1000,27.3000,411790
HVN,20200211,27.0500,27.4000,27.0500,27.2000,487720
HVN,20200212,27.2000,28.0000,27.2000,27.9000,729410
HVN,20200213,27.2000,28.0000,27.2000,27.5000,671580
HVN,20200214,27.8000,27.8500,27.2000,27.2500,437250
HVN,20200217,27.0000,27.0000,26.5000,26.6500,711840
HVN,20200218,26.7500,27.5000,26.7000,26.9000,468930
HVN,20200219,27.3000,27.3000,26.9000,26.9000,279240
HVN,20200220,27.1000,27.5000,26.9000,27.0000,509880
HVN,20200221,26.8500,26.9000,26.5000,26.9000,668070
HVN,20200224,26.4000,26.7000,25.0500,25.0500,1136480
HVN,20200225,23.5500,24.3000,23.5500,23.9000,970060
HVN,20200226,23.8000,23.8000,23.0000,23.1000,1109560
HVN,20200227,23.0000,23.9000,23.0000,23.5000,674960
HVN,20200228,23.4000,23.4000,22.9000,23.0000,783100
HVN,20200302,22.9000,22.9000,21.8500,22.2000,1300540
HVN,20200303,22.5000,23.0000,22.5000,22.7000,789840
HVN,20200304,22.7000,24.2500,22.6000,24.2500,1625180
HVN,20200305,24.8000,25.9000,24.4000,25.8000,2161890
HVN,20200306,25.5000,25.5500,24.8000,24.9500,782600
HVN,20200309,23.2500,23.4000,23.2500,23.2500,1236390
HVN,20200310,21.6500,23.3000,21.6500,23.0000,1358740
HVN,20200311,23.4000,23.4000,22.1500,22.5500,945960
HVN,20200312,21.7000,22.0000,21.0000,21.0000,1190690
HVN,20200313,20.0000,21.0000,19.5500,20.8000,942390
HVN,20200316,20.8000,21.0000,20.2000,20.6000,432720
HVN,20200317,20.4000,21.2000,20.0000,21.2000,746910
HVN,20200318,21.2000,21.5000,20.7000,20.8000,782900
HVN,20200319,20.5000,20.7000,19.8000,19.9000,1030030
HVN,20200320,19.8000,20.4000,19.8000,19.9000,739420
HVN,20200323,19.8000,19.8000,18.5500,18.5500,1101930
HVN,20200324,18.1500,18.6000,17.5000,18.3000,716080
HVN,20200325,18.7500,19.3000,18.7000,19.3000,810880
HVN,20200326,19.3000,19.7000,18.8000,19.3500,562310
HVN,20200327,19.1000,20.0000,19.1000,19.3000,808780
HVN,20200330,18.5000,18.9000,18.0000,18.1000,998870
HVN,20200331,18.8000,18.8000,17.8000,17.8000,1126200
HVN,20200401,17.8000,18.6500,17.7500,18.5000,1344060
HVN,20200403,18.5000,19.3000,18.5000,19.3000,826490
HVN,20200406,19.8000,20.6500,19.8000,20.6500,1510090
HVN,20200407,21.0000,21.4000,20.0000,20.3000,1547550
HVN,20200408,19.3000,19.9000,19.2000,19.8000,987730
HVN,20200409,19.8000,20.8500,19.6000,20.6500,1629860
HVN,20200410,21.0000,22.0500,20.5500,22.0500,2440190
HVN,20200413,23.5500,23.5500,23.0000,23.5500,1751120
HVN,20200414,24.8000,24.8000,22.0000,23.4500,2779780
HVN,20200415,22.7000,24.3000,22.5000,24.2000,1763390
HVN,20200416,24.2000,24.5000,23.8000,24.3500,1633830
HVN,20200417,24.5000,25.9500,24.4500,25.8500,2561940
HVN,20200420,26.5000,27.6500,26.3000,27.6500,3756320
HVN,20200421,27.6500,29.0000,26.5000,27.2000,3415200
HVN,20200422,27.2000,27.5000,26.0000,27.2000,1530240
HVN,20200423,28.5000,28.5000,27.6000,27.8000,1520660
HVN,20200424,27.8000,27.8000,26.9500,27.3500,1101860
HVN,20200427,27.4000,27.5000,26.5000,26.5500,1365730
HVN,20200428,26.5500,26.5500,25.6000,26.1000,1154220
HVN,20200429,26.9000,27.1000,26.2000,26.9000,887800
HVN,20200504,26.7000,26.8500,26.1000,26.1000,573850
HVN,20200505,26.0000,26.3000,25.6000,26.0000,649350
HVN,20200506,26.0000,26.4000,25.7500,26.4000,797520
HVN,20200507,26.7500,27.0000,26.6000,26.7000,725660
HVN,20200508,26.8000,27.3000,26.7000,26.9500,1244600
HVN,20200511,26.9000,27.0000,26.7500,26.9000,938070
HVN,20200512,26.9000,27.0000,26.6500,26.9500,989670
HVN,20200513,26.9500,28.2000,26.8000,27.9500,2738210
HVN,20200514,27.8000,28.0000,27.7000,27.7000,1099110
HVN,20200515,27.6500,27.8000,27.1000,27.3500,729330
HVN,20200518,27.3000,27.3000,26.5000,26.8500,1173050
HVN,20200519,27.4000,27.8000,27.0500,27.0500,946220
HVN,20200520,27.5000,27.5000,27.1000,27.2500,741240
HVN,20200521,27.3000,27.5500,27.2000,27.3000,660700
HVN,20200522,27.3500,27.4000,26.9000,26.9000,961980
HVN,20200525,26.9500,26.9500,26.6000,26.8000,687010
HVN,20200526,26.9000,27.4000,26.8500,27.3500,1307740
HVN,20200527,27.9000,28.5000,27.9000,28.0000,4179840
HVN,20200528,28.0000,28.2000,27.6500,27.8000,779720
HVN,20200529,27.7000,27.7000,27.3000,27.5000,849850
HVN,20200601,28.3000,28.3000,27.5000,27.7000,1088590
HVN,20200602,27.7000,27.8500,27.4500,27.4500,933450
HVN,20200603,27.4500,27.4500,27.2000,27.3500,534160
HVN,20200604,27.8000,28.3500,27.3500,27.8500,1782690
HVN,20200605,28.0000,28.7000,27.8000,28.2500,2174220
HVN,20200608,28.7500,28.9000,28.5000,28.7500,2200190
HVN,20200609,29.0000,30.4500,28.9000,30.1500,3082330
HVN,20200610,30.2000,30.2500,29.2000,29.9000,1710790
HVN,20200611,30.0000,30.0000,28.0000,28.0000,2610590
HVN,20200612,27.1000,28.0000,27.1000,27.8000,2078150
HVN,20200615,27.3000,28.0000,26.5000,27.2000,2156210
HVN,20200616,27.2000,28.0500,27.2000,28.0000,830710
HVN,20200617,28.3000,28.3000,27.6500,27.9500,995810
HVN,20200618,27.8000,27.8000,27.4500,27.5500,478230
HVN,20200619,27.5000,27.6000,27.2000,27.3500,637820
HVN,20200622,27.2500,27.2500,26.7500,27.0000,872120
HVN,20200623,27.0000,27.6000,26.9000,27.1000,531200
HVN,20200624,27.2000,27.3000,27.0000,27.0000,333470
HVN,20200625,26.5000,27.0000,26.5000,26.7000,455080
HVN,20200626,26.9000,27.1000,26.3000,26.3000,671180
HVN,20200629,26.3000,26.3000,24.6500,24.9000,860600
HVN,20200630,25.1000,26.0000,24.9500,25.1000,576000
HVN,20200701,25.1000,25.8500,25.1000,25.7000,280530
HVN,20200702,26.0000,26.0000,25.6000,25.6000,258190
HVN,20200703,25.8000,26.2000,25.8000,25.9000,213820
HVN,20200706,26.0000,26.3000,25.9000,26.0000,208620
HVN,20200707,26.0000,26.5000,26.0000,26.2500,450690
HVN,20200708,26.3000,26.5500,26.2500,26.3000,345230
HVN,20200709,26.3000,26.8000,26.3000,26.6000,365740
HVN,20200710,26.6000,26.6000,26.1500,26.4000,389310
HVN,20200713,26.3500,26.5000,26.2000,26.2500,278810
HVN,20200714,26.2500,26.5000,26.2000,26.4000,283090
HVN,20200715,26.6000,26.6000,26.3000,26.4500,243980
HVN,20200716,26.5000,26.5500,26.3500,26.3500,259920
HVN,20200717,26.4000,26.4000,26.1000,26.2000,241890
HVN,20200720,26.0000,26.3500,26.0000,26.0000,257240
HVN,20200721,26.0000,26.2000,25.7500,25.9000,225820
HVN,20200722,26.1000,26.1000,25.8000,25.8000,162030
HVN,20200723,25.8000,26.0000,25.8000,25.8000,203920
HVN,20200724,25.8000,25.9500,24.0000,24.3500,898830
HVN,20200727,22.6500,22.7000,22.6500,22.6500,844630
HVN,20200728,21.2000,23.0000,21.2000,23.0000,1314370
HVN,20200729,21.6500,22.4000,21.4000,21.6500,1210250
HVN,20200730,21.6500,22.3500,21.6500,22.0000,513710
HVN,20200731,21.7000,21.8000,21.2500,21.7000,421410
HVN,20200803,21.5000,22.3000,21.3000,22.3000,568280
HVN,20200804,22.4000,23.1000,22.4000,23.0500,820570
HVN,20200805,23.4000,24.1500,23.2000,24.0000,925870
HVN,20200806,24.0000,24.0000,23.2000,23.7500,773860
HVN,20200807,23.2000,23.7000,23.2000,23.6500,389600
HVN,20200810,23.7000,24.0000,23.6000,23.6500,544400
HVN,20200811,23.7000,24.0000,23.5000,23.5500,562500
HVN,20200812,23.6500,24.2500,23.6500,24.0500,948460
HVN,20200813,24.3000,25.0000,24.1000,25.0000,719630
HVN,20200814,25.0000,25.0000,24.5000,24.6000,560450
HVN,20200817,24.1000,24.6000,23.8000,24.1000,658400
HVN,20200818,24.1000,24.5000,24.0500,24.1000,253430
HVN,20200819,24.1000,24.4500,24.1000,24.3000,194430
HVN,20200820,24.3000,24.3000,23.9000,24.1000,430960
HVN,20200821,24.1500,24.2500,24.0500,24.2000,331710
HVN,20200824,24.5000,24.5000,24.2500,24.4500,679010
HVN,20200825,24.6000,24.9000,24.4500,24.8000,759750
HVN,20200826,24.9500,24.9500,24.6500,24.7000,471370
HVN,20200827,24.6000,24.7500,24.3000,24.6000,462700
HVN,20200828,24.9000,24.9000,24.4500,24.6500,631340
HVN,20200831,25.1000,25.9000,25.0000,25.7000,1369150
HVN,20200901,26.2000,26.6000,26.0000,26.5000,1425850
HVN,20200903,27.0000,27.0000,26.0000,26.4000,1279610
HVN,20200904,25.8000,26.2000,25.5000,26.2000,1125480
HVN,20200907,26.4000,26.6500,26.2000,26.2000,954110
HVN,20200908,26.4000,26.4500,26.0000,26.2000,320450
HVN,20200909,26.0000,26.2000,25.9000,26.2000,286550
HVN,20200910,26.4000,26.4500,26.1500,26.2000,465920
HVN,20200911,26.2500,26.2500,26.1000,26.2000,350280
HVN,20200914,26.3000,27.2500,26.3000,27.2500,1593440
HVN,20200915,27.3000,27.3000,26.6500,26.9500,1011440
HVN,20200916,27.2000,27.3000,26.9000,26.9000,624310
HVN,20200917,26.9000,26.9500,26.8000,26.8000,614640
HVN,20200918,26.8000,26.9000,26.7500,26.8500,375150
HVN,20200921,26.8500,27.0000,26.8500,26.8500,714820
HVN,20200922,26.5000,26.8000,26.5000,26.6500,324540
HVN,20200923,26.9000,26.9500,26.7500,26.8500,362250
HVN,20200924,26.8000,26.8500,26.7000,26.7500,409270
HVN,20200925,26.7500,26.8500,26.6500,26.7000,320370
HVN,20200928,26.6500,26.8000,26.6500,26.7000,469570
HVN,20200929,26.7000,26.9000,26.6500,26.7500,916640
HVN,20200930,26.7000,26.8000,26.5500,26.7000,343720
HVN,20201001,26.8000,27.5000,26.8000,27.3000,1559450
HVN,20201002,27.3000,27.3000,26.3000,26.8500,929580
HVN,20201005,26.9000,27.3000,26.9000,27.1000,484960
HVN,20201006,27.1000,27.2000,26.8000,26.9000,550300
HVN,20201007,26.5000,26.8500,26.5000,26.6500,466110
HVN,20201008,26.6500,26.8000,26.5500,26.6500,499750
HVN,20201009,26.7000,26.7500,26.6000,26.7000,383110
HVN,20201012,26.7000,26.7500,26.3500,26.3500,637920
HVN,20201013,26.4000,26.5000,26.2500,26.2500,348660
HVN,20201014,26.2000,26.5000,26.2000,26.2500,409830
HVN,20201015,26.3000,26.3000,26.0000,26.2500,461430
HVN,20201016,26.2500,26.2500,26.0000,26.0500,447420
HVN,20201019,26.1000,26.2500,26.0500,26.1000,255690
HVN,20201020,26.0000,26.0000,25.6000,25.6500,739960
HVN,20201021,25.6500,25.7500,25.2000,25.3000,596180
HVN,20201022,25.2500,25.6000,25.2500,25.5500,394600
HVN,20201023,25.7000,25.9000,25.7000,25.8000,283830
HVN,20201026,25.9000,25.9000,25.7000,25.7000,271330
HVN,20201027,25.6000,25.7000,25.3500,25.4500,265650
HVN,20201028,25.3000,25.3000,24.7000,24.7000,463260
HVN,20201029,24.0000,24.9000,24.0000,24.6000,376600
HVN,20201030,24.6500,24.9000,24.6500,24.8500,174420
HVN,20201102,24.8500,24.9000,24.6000,24.7000,105160
HVN,20201103,24.7000,25.0000,24.7000,25.0000,253640
HVN,20201104,25.1000,25.2500,24.8500,25.2500,264860
HVN,20201105,25.2500,25.4500,25.1000,25.1500,124400
HVN,20201106,25.1500,25.2000,24.8000,24.9000,170030
HVN,20201109,24.9000,26.0000,24.9000,26.0000,578530
HVN,20201110,27.8000,27.8000,27.0000,27.5000,3518100
HVN,20201111,27.6000,27.6000,26.8000,27.0000,875460
HVN,20201112,27.0000,27.1000,26.5500,26.8000,576710
HVN,20201113,26.5000,27.1500,26.3500,27.1500,1459130
HVN,20201116,27.4000,27.4000,26.7000,26.8000,921370
HVN,20201117,27.1000,27.2000,27.0000,27.1000,821070
HVN,20201118,27.9000,27.9000,27.2000,27.3000,2813620
HVN,20201119,27.3000,27.3000,26.9000,27.0000,763200
HVN,20201120,26.9000,27.3500,26.7000,27.2000,977970
HVN,20201123,27.3000,27.3500,26.8500,27.0000,673760
HVN,20201124,27.0000,27.1500,26.7500,26.7500,982590
HVN,20201125,26.8000,27.0000,26.8000,26.8500,657860
HVN,20201126,26.8500,26.9000,26.6000,26.7000,449000
HVN,20201127,26.7000,26.8000,26.7000,26.7500,334760
HVN,20201130,26.7500,27.2000,26.7000,26.7000,806660
HVN,20201201,26.4500,26.4500,25.6000,26.4500,790900
HVN,20201202,26.0500,26.3000,26.0500,26.2000,807120
HVN,20201203,26.1500,26.2000,26.0500,26.1500,587680
HVN,20201204,26.1500,26.5000,26.1500,26.4000,483950
HVN,20201207,26.5000,26.6500,26.4500,26.6000,563080
HVN,20201208,26.8000,26.8000,26.5500,26.6500,539900
HVN,20201209,26.7000,27.0500,26.7000,26.8500,793890
HVN,20201210,27.0000,27.0000,26.5000,26.5500,683250
HVN,20201211,26.7000,27.5000,26.6000,27.4500,2357600
HVN,20201214,27.8500,27.8500,27.5000,27.7000,1550880
HVN,20201215,27.5000,27.9000,27.4000,27.7000,1228820
HVN,20201216,27.6000,28.8500,27.5000,28.5000,1920380
HVN,20201217,28.3500,28.7000,27.9000,28.0000,1586160
HVN,20201218,28.0500,28.4000,28.0500,28.1500,942350
HVN,20201221,28.2000,28.3000,28.0500,28.2500,1802010
HVN,20201222,28.0500,28.2000,27.8000,28.0500,1207330
HVN,20201223,28.1000,28.1500,27.7000,27.7500,1552100
HVN,20201224,27.7500,27.9000,25.9000,27.3500,1157430
HVN,20201225,28.1500,28.4000,27.2500,28.1500,1618240
HVN,20201228,29.0000,29.0000,28.0000,28.1500,1556300
HVN,20201229,28.3000,28.4000,27.8500,28.3000,1277340
HVN,20201230,28.3500,28.9000,28.3000,28.3500,1104710
HVN,20201231,28.3000,28.5500,28.2500,28.3000,742640
HVN,20210104,28.5000,28.9000,28.3000,28.5500,1966600
HVN,20210105,28.3000,28.5000,28.2500,28.3000,1310800
HVN,20210106,28.3000,28.3000,28.0000,28.1500,1150000
HVN,20210107,28.5000,28.9500,28.1500,28.6000,1668700
HVN,20210108,28.8000,29.4000,28.8000,29.2000,2478600
HVN,20210111,29.2000,31.2000,29.2000,31.2000,2407600
HVN,20210112,32.4000,32.4000,31.9500,32.0000,2311500
HVN,20210113,32.0000,32.0000,31.1000,31.1000,2170500
HVN,20210114,31.1500,31.2000,30.4500,30.8000,1864700
HVN,20210115,30.9000,31.4000,30.8000,30.8500,1423200
HVN,20210118,30.8500,30.9000,30.6000,30.6500,1523800
HVN,20210119,30.5500,30.5500,28.5500,28.6000,1713800
HVN,20210120,28.6000,29.2000,27.0500,28.7000,1204200
HVN,20210121,29.0000,29.5000,29.0000,29.4500,1008300
HVN,20210122,29.5000,29.7000,29.0000,29.2000,1001700
HVN,20210125,29.0000,29.5000,29.0000,29.1000,651900
HVN,20210126,29.1000,29.2000,27.8000,28.1000,905900
HVN,20210127,28.0000,28.0000,27.0500,27.2500,1005700
HVN,20210128,25.4000,25.8000,25.3500,25.3500,1638500
HVN,20210129,23.7000,27.1000,23.7000,25.8500,1063900
HVN,20210201,25.9000,26.0000,25.1000,25.1000,748100
HVN,20210202,25.2000,25.3000,24.5000,25.3000,570500
HVN,20210203,25.4500,26.2500,25.4500,26.1500,530100
HVN,20210204,26.0000,26.6000,26.0000,26.1000,529900
HVN,20210205,26.2000,26.6000,26.2000,26.5000,433300
HVN,20210208,26.5000,26.5000,24.7000,25.5500,820100
HVN,20210209,25.5500,26.3500,25.5000,26.3500,446800
HVN,20210217,26.4000,27.2500,26.4000,27.2500,680200
HVN,20210218,27.2500,27.3000,26.9500,27.2500,837900
HVN,20210219,26.9000,27.2000,26.6500,26.9000,1482400
HVN,20210222,27.3500,27.6000,27.1000,27.5000,1278800
HVN,20210223,27.5000,28.8000,27.5000,28.6000,1423300
HVN,20210224,29.0000,29.3000,28.3000,28.8000,1925300
HVN,20210225,29.3000,29.5000,28.8000,29.0000,1601700
HVN,20210226,28.7000,30.2500,28.4000,29.9500,2176900
HVN,20210301,30.3000,31.4500,30.2000,31.4000,2520200
HVN,20210302,32.1000,32.1000,30.5000,31.3000,2010900
HVN,20210303,31.0000,31.0000,30.5000,30.9000,1388500
HVN,20210304,30.9000,30.9000,29.8000,29.9000,1615200
HVN,20210305,29.7500,30.8000,29.2000,30.6500,1307800
HVN,20210308,31.4000,31.4000,30.2500,30.4500,1311600
HVN,20210309,30.0000,30.4000,29.8000,30.1500,920400
HVN,20210310,29.9500,30.8000,29.9000,30.8000,1190200
HVN,20210311,31.0000,31.2000,30.6000,30.7000,1396000
HVN,20210312,30.8000,30.8000,30.4500,30.4500,693100
HVN,20210315,30.4500,30.5500,30.1000,30.2000,1081900
HVN,20210316,30.2000,30.9000,30.0000,30.3000,1295600
HVN,20210317,30.3000,31.0000,30.3000,30.8000,1251700
HVN,20210318,31.2000,32.5000,31.1000,32.4000,3907200
HVN,20210319,32.4000,34.0000,32.1000,33.5500,3332500
HVN,20210322,33.5000,33.8500,33.1500,33.5000,1803600
HVN,20210323,33.0000,33.3500,32.5000,32.6000,2279800
HVN,20210324,32.0000,32.4000,31.5000,31.5000,2220800
HVN,20210325,31.8000,33.1000,31.5000,32.3500,1543100
HVN,20210326,32.0000,32.3500,31.4000,32.0000,1505700
HVN,20210329,33.0000,33.0000,32.5000,32.8000,1075200
HVN,20210330,32.8500,32.9000,32.4000,32.6000,997400
HVN,20210331,32.4500,33.1000,32.3000,32.6500,1253300
HVN,20210401,33.1000,33.8500,33.0000,33.8000,2190000
HVN,20210402,34.0000,34.2000,33.5000,33.5500,1254000
HVN,20210405,33.7000,34.0000,33.3000,33.4000,1202900
HVN,20210406,33.2000,33.4000,32.9000,33.0500,1453000
HVN,20210407,33.0000,33.0000,32.7500,33.0000,948200
HVN,20210408,33.0000,33.5000,33.0000,33.3000,851000
HVN,20210409,33.3000,33.4000,33.1500,33.1500,710600
HVN,20210412,32.3000,32.9000,32.3000,32.8000,2002500
HVN,20210413,32.7000,32.8000,32.0000,32.0500,1076200
HVN,20210414,31.6500,32.0000,31.5000,32.0000,884100
HVN,20210415,32.0000,32.1000,31.5000,31.6000,831400
HVN,20210416,31.6000,32.0000,30.4500,31.0000,1212200
HVN,20210419,31.2000,31.4500,30.3000,30.9500,1165100
HVN,20210420,30.9500,31.4500,30.7500,31.2000,796300
HVN,20210422,31.2000,31.2000,30.2000,30.2000,1080800
HVN,20210423,30.0000,30.2000,29.6000,30.2000,860800
HVN,20210426,30.2000,30.2000,28.1000,28.8000,1106400
HVN,20210427,28.8000,28.9000,28.1000,28.7500,790800
HVN,20210428,28.7500,29.0000,28.5000,28.8000,528100
HVN,20210429,28.8000,29.2000,28.8000,29.0000,466300
HVN,20210504,27.0000,29.0000,27.0000,27.3000,1477900
HVN,20210505,27.7000,28.0000,27.7000,28.0000,693200
HVN,20210506,28.0000,28.5000,27.8000,27.8000,637400
HVN,20210507,27.2000,27.8000,27.0000,27.2000,1021800
HVN,20210510,26.5000,26.9000,26.5000,26.6000,1107600
HVN,20210511,27.0000,27.9000,27.0000,27.6000,768900
HVN,20210512,27.6000,28.0000,27.5000,27.9000,432100
HVN,20210513,27.5500,27.9500,27.0000,27.3000,627100
HVN,20210514,27.3000,27.5000,27.1000,27.3000,925400
HVN,20210517,27.5000,27.7000,27.2000,27.3500,468800
HVN,20210518,27.1000,27.4000,27.0500,27.1000,555900
HVN,20210519,27.6000,27.6000,26.6500,26.7000,698600
HVN,20210520,26.1000,27.0000,25.8000,25.9000,1289500
HVN,20210521,26.7500,26.9500,25.5000,26.7500,1103900
HVN,20210524,26.7500,27.5000,26.7500,26.9500,631600
HVN,20210525,26.9500,27.0000,26.5500,26.7000,579300
HVN,20210526,26.7000,26.9000,26.2000,26.5000,625600
HVN,20210527,26.4000,26.5000,26.0000,26.1000,572900
HVN,20210528,26.1000,26.4000,26.0500,26.2000,493800
HVN,20210531,26.0000,26.1500,25.8000,25.8500,707200
HVN,20210601,25.8000,25.8500,25.6000,25.6500,750100
HVN,20210602,25.7000,27.4000,25.5000,27.4000,1603400
HVN,20210603,27.4000,27.4500,26.8000,27.0000,1146200
HVN,20210604,26.5000,26.8000,26.4500,26.6000,863700
HVN,20210607,26.6000,26.7000,26.3500,26.6000,1276500
HVN,20210608,27.2000,27.5000,26.8000,27.1000,1617100
HVN,20210609,27.1000,27.3500,27.0000,27.3500,1021800
HVN,20210610,27.3000,27.3000,26.9000,27.0000,648800
HVN,20210611,27.0500,28.5000,26.5000,28.5000,1465900
HVN,20210614,28.7000,28.7000,27.9000,28.0000,1260700
HVN,20210615,28.0000,28.3000,27.9500,28.0500,872200
HVN,20210616,28.0500,28.1000,27.5000,27.5500,1255600
HVN,20210617,26.1000,27.0000,26.1000,26.9000,1447800
HVN,20210618,26.9000,27.4000,26.6000,27.1000,1107900
HVN,20210621,27.7000,28.0000,26.8000,27.7000,1281500
HVN,20210622,28.3000,28.3000,27.5500,27.5500,1071800
HVN,20210623,27.5500,27.5500,27.1000,27.2000,693800
HVN,20210624,27.1000,27.5000,27.0000,27.1500,747300
HVN,20210625,27.2000,27.4500,27.1500,27.2500,448900
HVN,20210628,27.5500,27.5500,27.1000,27.2000,575800
HVN,20210629,27.2500,27.7000,27.1000,27.6500,1026500
HVN,20210630,27.6500,27.6500,27.4000,27.6000,573500
HVN,20210701,27.6000,27.6500,27.2500,27.6000,504600
HVN,20210702,27.4000,27.6000,27.2000,27.4000,532100
HVN,20210705,27.3000,27.4000,26.9000,27.0000,693700
HVN,20210706,27.0000,27.0500,26.5000,26.5000,702100
HVN,20210707,26.4000,26.5000,25.5000,26.0500,725600
HVN,20210708,26.0500,26.7000,26.0500,26.3000,457700
HVN,20210709,26.3000,26.3000,25.9000,26.1000,539700
HVN,20210712,26.0000,26.1000,24.5000,24.9000,871000
HVN,20210713,25.1000,25.8000,25.1000,25.5500,388200
HVN,20210714,26.3000,26.5000,25.5500,25.7000,398900
HVN,20210715,25.7500,26.0000,25.7500,25.9500,241400
HVN,20210716,26.0500,26.0500,25.5000,25.5000,457600
HVN,20210719,25.0000,25.1000,23.9000,24.0000,810100
HVN,20210720,24.5000,24.5500,24.0500,24.5000,358300
HVN,20210721,24.8000,25.1500,24.6000,25.0000,268200
HVN,20210722,25.0000,25.3000,25.0000,25.2000,264600
HVN,20210723,25.0000,25.0000,24.5000,24.5000,668500
HVN,20210726,24.0000,24.5000,24.0000,24.0500,652900
HVN,20210727,24.3000,24.3000,24.0500,24.1500,784000
HVN,20210728,23.8000,24.1000,23.6000,23.8000,1268800
HVN,20210729,19.8000,20.1000,19.8000,20.1000,505600
HVN,20210730,21.5000,21.5000,21.5000,21.5000,412300
HVN,20210802,23.0000,23.0000,22.0000,22.7500,2559800
HVN,20210803,22.7500,22.8000,22.1000,22.2500,787600
HVN,20210804,22.1000,22.2500,21.8000,21.8000,946800
HVN,20210805,21.5000,21.7500,21.2000,21.6500,1013400
HVN,20210806,21.7000,21.9500,21.6000,21.7000,805600
HVN,20210809,21.6000,21.6000,21.2500,21.3500,788200
HVN,20210810,21.3500,21.5000,21.3000,21.5000,597000
HVN,20210811,21.5000,22.1000,21.4000,21.8000,897600
HVN,20210812,21.6000,21.9500,21.6000,21.7000,473500
HVN,20210813,21.8000,21.9500,21.5000,21.5500,573600
HVN,20210816,21.5000,21.5500,21.3000,21.5000,590000
HVN,20210817,21.5000,21.5500,21.4000,21.4000,440200
HVN,20210818,21.4000,21.4000,21.2000,21.3000,564100
HVN,20210819,21.2000,21.2500,21.1000,21.2500,467300
HVN,20210820,21.1500,21.2000,20.8000,20.8500,774300
HVN,20210823,20.8500,20.8500,20.5000,20.5500,538100
HVN,20210824,20.4000,20.6000,20.2500,20.4000,489100
HVN,20210825,20.5000,21.1500,20.4500,21.1500,432700
HVN,20210826,21.3000,21.3000,21.1000,21.2000,352800
HVN,20210827,21.2000,21.2000,20.9000,21.1500,346200
HVN,20210830,21.2000,21.7000,21.1500,21.5000,680000
HVN,20210831,21.4500,21.4500,21.0000,21.1000,586800
HVN,20210901,20.7000,21.1000,20.6000,20.9500,692200
HVN,20210906,20.9500,21.8000,20.9500,21.5500,1082900
HVN,20210907,21.6000,22.2000,21.6000,22.1000,1483900
HVN,20210908,22.5000,22.8000,22.0000,22.4000,1438400
HVN,20210909,22.4500,23.9500,22.4500,23.9500,2369400
HVN,20210910,25.4000,25.4500,24.6000,25.0500,3492400
HVN,20210913,25.1000,26.8000,25.1000,26.8000,3733800
HVN,20210914,28.6000,28.6500,28.5500,28.6500,3343700
HVN,20210915,30.6500,30.6500,26.8000,26.8000,5463200
HVN,20210916,26.1000,26.5000,25.3000,25.5000,2737700
HVN,20210917,25.5000,27.2500,25.3000,26.7500,1237300
HVN,20210920,26.7500,26.8000,26.0500,26.1500,1535900
HVN,20210921,25.5000,25.8000,25.0000,25.4000,1559800
HVN,20210922,25.7000,26.0000,25.5000,25.9000,1005400
HVN,20210923,26.0000,26.0000,25.4000,25.6000,909200
HVN,20210924,25.6000,26.2000,25.4000,25.9000,910000
HVN,20210927,26.2000,26.3000,25.4000,25.5500,1128100
HVN,20210928,25.7000,25.7000,24.5000,25.0000,860100
HVN,20210929,25.0000,25.0000,24.3000,24.5000,941200
HVN,20210930,24.5000,25.2000,24.5000,25.0000,611200
HVN,20211001,25.0000,25.0000,24.5000,24.9000,552200
HVN,20211004,24.9500,26.0000,24.9000,25.9000,1019500
HVN,20211005,26.4500,26.5000,25.9000,26.2000,801900
HVN,20211006,26.2000,26.3000,25.8500,25.9000,768900
HVN,20211007,26.0000,26.1000,25.6500,25.9500,714700
HVN,20211008,26.0000,26.2000,25.9000,26.1000,867100
HVN,20211011,26.7000,27.5000,26.5000,27.0000,1453400
HVN,20211012,27.1000,27.4500,26.5000,26.7000,1112900
HVN,20211013,26.7000,26.9000,26.4000,26.4500,636900
HVN,20211014,26.4500,26.5500,26.2500,26.3000,757400
HVN,20211015,26.1000,26.3000,26.0000,26.0500,1000600
HVN,20211018,26.0500,26.3000,25.6000,25.6000,999000
HVN,20211019,25.6000,25.8000,25.4500,25.7500,441800
HVN,20211020,26.2000,26.5000,25.7000,25.9000,554500
HVN,20211021,26.0000,26.2000,25.8000,25.9500,436200
HVN,20211022,25.9000,26.0500,25.8500,25.9500,683200
HVN,20211025,25.9000,25.9000,25.4000,25.4000,771800
HVN,20211026,25.4000,26.0000,25.1000,25.8000,427800
HVN,20211027,25.8000,25.8500,25.4500,25.6500,750200
HVN,20211028,25.0000,25.2000,24.9500,25.0000,2624300
HVN,20211029,24.9000,24.9000,24.0500,24.8000,2089300
HVN,20211101,24.8000,24.8000,24.5000,24.7000,718200
HVN,20211102,24.6000,24.6500,24.4000,24.6000,789600
HVN,20211103,24.6000,24.6000,22.9000,22.9500,2071700
HVN,20211104,22.9500,24.5500,22.5500,24.1500,1205300
HVN,20211105,24.1500,25.0000,24.1500,24.6500,902700
HVN,20211108,25.0000,25.0000,24.6500,24.9000,1128800
HVN,20211109,24.9000,24.9500,24.5000,24.8000,700000
HVN,20211110,24.6000,24.8000,24.5000,24.6500,820400
HVN,20211111,24.7500,25.1000,24.5000,24.9000,841400
HVN,20211112,24.9000,25.1500,24.9000,25.0500,736800
HVN,20211115,24.9000,24.9000,24.5000,24.6000,1337600
HVN,20211116,24.6000,25.7000,24.4500,25.1000,1134800
HVN,20211117,26.0000,26.1000,25.5000,25.8000,2083200
HVN,20211118,25.8000,25.9000,25.1000,25.2000,1250100
HVN,20211119,23.4500,24.0000,23.4500,23.4500,17810300
HVN,20211122,22.9000,23.6000,22.9000,23.0000,4234500
HVN,20211123,23.0000,23.4500,23.0000,23.3500,2245800
HVN,20211124,23.3500,24.0000,23.2500,23.6500,3797000
HVN,20211125,23.6500,23.8000,23.5000,23.8000,3171700
HVN,20211126,23.9000,24.4000,23.8500,23.8500,3782400
HVN,20211129,23.0000,23.4000,22.7000,23.1500,3961300
HVN,20211130,23.1000,23.5000,23.0000,23.0000,2663100
HVN,20211201,23.0000,23.3000,22.8000,23.0500,2435200
HVN,20211202,23.0500,23.1000,22.9000,22.9000,1797000
HVN,20211203,22.9500,23.0500,22.8000,22.8000,2173400
HVN,20211206,22.7000,22.8000,22.0000,22.0500,2759600
HVN,20211207,22.0500,22.4500,22.0000,22.2000,1328900
HVN,20211208,22.5000,23.5000,22.4500,22.9500,2014400
HVN,20211209,23.0000,23.1000,22.7500,22.9000,1069700
HVN,20211210,23.0000,24.4500,23.0000,23.6000,4189400
HVN,20211213,24.1000,25.0000,24.1000,24.9000,8010400
HVN,20211214,25.1000,25.3000,24.2000,24.9500,4842100
HVN,20211215,24.9500,24.9500,24.1000,24.3000,2899900
HVN,20211216,24.3000,24.5500,23.3500,23.3500,5399700
HVN,20211217,23.0500,23.8500,23.0500,23.4500,2654800
HVN,20211220,23.4500,23.7000,23.0000,23.7000,2121700
HVN,20211221,23.5000,23.5000,23.1000,23.3500,1995400
HVN,20211222,23.5000,23.6000,23.1000,23.1000,2190000
HVN,20211223,23.2000,23.5000,23.0000,23.1000,2447700
HVN,20211224,23.1500,23.4500,23.1500,23.3000,1326800
HVN,20211227,23.3500,23.7500,23.2000,23.3500,1268000
HVN,20211228,23.4000,23.5500,23.1000,23.1000,1845500
HVN,20211229,23.2000,23.3000,23.1000,23.2000,1051900
HVN,20211230,23.2500,23.3500,23.1500,23.2000,1628200
HVN,20211231,23.2000,23.2500,23.0000,23.1500,2083300
HVN,20220104,23.2000,23.5000,23.1500,23.3000,1832000
HVN,20220105,23.4000,23.4000,23.1000,23.1000,2256200
HVN,20220106,23.1000,23.1000,22.8000,22.8500,2466400
HVN,20220107,22.8500,22.8500,22.6000,22.6500,2127400
HVN,20220110,22.7500,24.0000,22.7500,23.2000,3188800
HVN,20220111,23.1500,23.3000,22.9000,23.0500,1685900
HVN,20220112,23.0500,23.1000,22.6000,22.9500,1593700
HVN,20220113,22.9500,22.9500,22.6000,22.6500,1427600
HVN,20220114,22.5000,22.7000,22.2000,22.7000,1433700
HVN,20220117,22.7000,23.5000,22.7000,23.1500,1156700
HVN,20220118,22.9000,23.1500,22.7000,22.9500,1544300
HVN,20220119,22.7500,23.0000,22.6000,22.7000,1050700
HVN,20220120,22.6000,22.8000,22.4500,22.7500,850700
HVN,20220121,22.8000,22.8000,22.6500,22.7000,1163900
HVN,20220124,22.8000,23.5000,22.7500,22.8000,2579000
HVN,20220125,23.0000,23.4000,22.9000,23.3500,2913000
HVN,20220126,23.8000,24.2000,23.6000,24.1000,5819400
HVN,20220127,24.1500,24.2000,23.8000,24.0000,3012200
HVN,20220128,24.0000,24.6000,23.9000,24.3000,3385600
HVN,20220207,25.7000,26.0000,25.3000,26.0000,11637900
HVN,20220208,26.1000,27.3000,25.7500,26.0000,9015000
HVN,20220209,26.0000,26.5000,25.9000,26.2500,5478100
HVN,20220210,26.5000,26.8000,26.2000,26.4000,7410000
HVN,20220211,26.4000,26.5000,25.7500,26.2000,6889400
HVN,20220214,26.5000,27.3000,26.4000,26.4000,7858800
HVN,20220215,26.1000,26.5000,25.8000,26.2500,4059500
HVN,20220216,26.3000,26.5000,26.1500,26.3500,3865200
HVN,20220217,26.3500,27.5000,26.1500,26.8000,7745200
HVN,20220218,26.6500,27.3500,26.5000,27.3000,6504800
HVN,20220221,27.3000,27.3000,26.8000,26.8000,4712600
HVN,20220222,26.2000,26.5500,26.0000,26.1000,5663400
HVN,20220223,26.0000,26.6000,25.9500,26.2500,3076300
HVN,20220224,26.2000,26.3500,25.0000,25.6500,7196700
HVN,20220225,25.7500,26.2000,25.7500,25.9000,2367700
HVN,20220228,25.7000,25.7500,25.0000,25.3500,2599200
HVN,20220301,25.3000,25.5000,25.0500,25.4000,3286200
HVN,20220302,25.3500,25.4000,24.9500,25.0000,3082400
HVN,20220303,25.0000,25.2000,24.8000,25.0000,3149000
HVN,20220304,25.0000,25.7500,25.0000,25.4000,2181900
HVN,20220307,25.3500,25.3500,24.8500,24.9000,3002100
HVN,20220308,24.7000,25.8000,24.5500,25.2000,3556300
HVN,20220309,25.2000,25.5000,24.8000,25.0000,1877100
HVN,20220310,25.4000,26.5000,25.2000,26.2000,5220700
HVN,20220311,26.2000,26.2000,25.7000,25.8000,3302400
HVN,20220314,25.6000,26.5000,25.6000,26.1500,5080600
HVN,20220315,26.1500,26.7000,26.1000,26.1500,3315400
HVN,20220316,26.6000,26.6000,25.7000,25.7000,4013300
HVN,20220317,25.7000,25.9500,25.0000,25.6000,2675900
HVN,20220318,25.7000,25.8500,25.3000,25.3500,2556500
